{"scope.version":"2","timeline.animationMode":"proMode","viewport.width":300,"viewport.height":250,"design.userpaddingleft":-300,"design.userpaddingtop":-250,"design.scrollleft":153.60000610351562,"design.scrolltop":324,"library.openDirectories":[],"library.GroupsPath":{},"library.downloadedAssets":{},"design.zoom":1.75,"tool.text.optionsState":{"fontName":"Arial Black","fontSize":"16px","fontWeight":"bold","fontStyle":"normal","alignLeft":true,"alignCenter":false,"alignRight":false,"alignJustify":false,"verticalAlignCenter":false,"foreColor":"rgb(205, 46, 46)","tagName":"span","orderedList":false,"unorderedList":false},"timeline.loopPreview":true,"timeline.zoomLevel":75}